CODIGO;DISTRITO;DEPARTAMENTO;MUNICIPIO;ESTABLECIMIENTO;DIRECCION;TELEFONO;SUPERVISOR;DIRECTOR;NIVEL;SECTOR;AREA;STATUS;MODALIDAD;JORNADA;PLAN;DEPARTAMENTAL
19-01-0078-46;19-001;ZACAPA;ZACAPA;INSTITUTO DIVERSIFICADO ADSCRITO AL INSTITUTO DE EDUCACION MEDIA EXPERIMENTAL JOSE RODRIGUEZ CERNA;"7A. AVENIDA ""A"" FINAL Y 9A. CALLE ZONA 2 BARRIO LA REFORMA";79414031;SONIA HAYDEE RUIZ WONG;MARCO ANTONIO LÓPEZ RAMOS;DIVERSIFICADO;OFICIAL;URBANA;ABIERTA;MONOLINGUE;VESPERTINA;DIARIO(REGULAR);ZACAPA
19-01-0079-46;19-001;ZACAPA;ZACAPA;ESCUELA NACIONAL DE CIENCIAS COMERCIALES MIXTA NOCTURNA;4A. CALLE 16-10 ZONA 1. BARRIO EL CALVARIO;57129013;SONIA HAYDEE RUIZ WONG;ELMER OTTONIEL AVALOS MIGUEL;DIVERSIFICADO;OFICIAL;URBANA;ABIERTA;MONOLINGUE;NOCTURNA;DIARIO(REGULAR);ZACAPA
19-01-0082-46;99-001;ZACAPA;ZACAPA;INSTITUTO PRIVADO MIXTO DE EDUCACION DIVERSIFICADA DE ADMINISTRACION PUBLICA JN;BARRIO LAS FLORES;;SILVIA EUGENIA VALDEZ MONTERROSO DE CARBALLO;;DIVERSIFICADO;PRIVADO;URBANA;TEMPORAL TITULOS;MONOLINGUE;NOCTURNA;DIARIO(REGULAR);ZACAPA
19-01-0083-46;;ZACAPA;ZACAPA;INSTITUTO PRIVADO MIXTO DE EDUCACION DIVERSIFICADA DE ADMINISTRACION PUBLICA JV;BARRIO LAS FLORES;;;;DIVERSIFICADO;PRIVADO;URBANA;CERRADA TEMPORALMENTE;MONOLINGUE;VESPERTINA;DIARIO(REGULAR);ZACAPA
19-01-0084-46;19-001;ZACAPA;ZACAPA;INSTITUTO ADOLFO V. HALL DE ORIENTE;BARRIO CRUZ DE MAYO ZONA 3;44974287;SONIA HAYDEE RUIZ WONG;RENÉ EFRAÍN LÓPEZ POLANCO;DIVERSIFICADO;OFICIAL;URBANA;ABIERTA;MONOLINGUE;DOBLE;DIARIO(REGULAR);ZACAPA
19-01-0085-46;19-019;ZACAPA;ZACAPA;"COLEGIO PARTICULAR MIXTO LUTERANO "" EL DIVINO SALVADOR""";4A CALLE 2-31 ZONA 2;79410254;HUGO WILFREDO VARGAS CHACON;ANTONIO SALVADOR RAMIREZ RIVAS;DIVERSIFICADO;PRIVADO;URBANA;ABIERTA;MONOLINGUE;VESPERTINA;DIARIO(REGULAR);ZACAPA
19-01-0086-46;19-019;ZACAPA;ZACAPA;CENTRO EDUCATIVO JUVENIL CATOLICO NUESTRA SEÑORA DE FATIMA;12 CALLE A 14-03 ZONA 1;79410382;HUGO WILFREDO VARGAS CHACON;FIDIAS ROBERTO MONROY LEMUS;DIVERSIFICADO;PRIVADO;URBANA;ABIERTA;MONOLINGUE;MATUTINA;DIARIO(REGULAR);ZACAPA
19-01-0116-46;19-001;ZACAPA;ZACAPA;INSTITUTO NACIONAL DE EDUCACION DIVERSIFICADA;"7A. AVENIDA ""A"" FINAL Y 9A. CALLE ZONA 2 BARRIO LA REFORMA";42053474;SONIA HAYDEE RUIZ WONG;MARCY JULISSA JIATZ ALONZO;DIVERSIFICADO;OFICIAL;URBANA;ABIERTA;MONOLINGUE;VESPERTINA;DIARIO(REGULAR);ZACAPA
19-01-0143-46;19-002;ZACAPA;ZACAPA;INSTITUTO MIXTO DE EDUCACION DIVERSIFICADA POR COOPERATIVA;ALDEA SAN JORGE;;MARIA ELENA GARCIA CONTRERAS DE QUINTO;VICTOR HUGO GUERRA MONROY;DIVERSIFICADO;COOPERATIVA;RURAL;CERRADA TEMPORALMENTE;MONOLINGUE;MATUTINA;DIARIO(REGULAR);ZACAPA
19-01-0144-46;19-019;ZACAPA;ZACAPA;"COLEGIO ""SAN FRANCISCO JAVIER DE ZACAPA""";KILOMETRO 3, CARRETERA DE ALDEA MANZANOTES;77208200;HUGO WILFREDO VARGAS CHACON;KELLY BRISSEYDA ORELLANA DE LEÓN;DIVERSIFICADO;PRIVADO;URBANA;ABIERTA;MONOLINGUE;DOBLE;DIARIO(REGULAR);ZACAPA
19-01-0148-46;19-019;ZACAPA;ZACAPA;INSTITUTO TECNICO DE EDUCACION INDUSTRIAL;BARRIO LA REFORMA, LOMA DEL CHAPARRO ZONA 2;41830223;HUGO WILFREDO VARGAS CHACON;CARMEN ELIZABETH GARCIA RAMIREZ;DIVERSIFICADO;PRIVADO;URBANA;CERRADA TEMPORALMENTE;MONOLINGUE;VESPERTINA;DIARIO(REGULAR);ZACAPA
19-01-0149-46;19-019;ZACAPA;ZACAPA;COLEGIO BILINGÜE MONTESSORI;4TA. CALLE 3-41 ZONA 2;79410965;HUGO WILFREDO VARGAS CHACON;MILVIA ODETH MENENDEZ DE SETT;DIVERSIFICADO;PRIVADO;URBANA;ABIERTA;MONOLINGUE;MATUTINA;DIARIO(REGULAR);ZACAPA
19-01-0156-46;19-019;ZACAPA;ZACAPA;LICEO CRISTO REY;8A. CALLE 9-06 ZONA 2 BARRIO LA REFORMA;54138046;HUGO WILFREDO VARGAS CHACON;EDNA EDITH RAMÍREZ CORDÓN;DIVERSIFICADO;PRIVADO;URBANA;ABIERTA;MONOLINGUE;DOBLE;FIN DE SEMANA;ZACAPA
19-01-0160-46;19-019;ZACAPA;ZACAPA;COLEGIO PARTICULAR MIXTO LICEO CRISTIANO ZACAPANECO;12 AVENIDA Y 8A. CALLE ESQUINA ZONA 1;79410316;HUGO WILFREDO VARGAS CHACON;LUCY RAQUEL APARICIO ROLDAN;DIVERSIFICADO;PRIVADO;URBANA;ABIERTA;MONOLINGUE;MATUTINA;DIARIO(REGULAR);ZACAPA
19-01-0162-46;19-019;ZACAPA;ZACAPA;COLEGIO PRIVADO MIXTO EVANGELICO ELIM;RESIDENCIALES SHALOM, CALZADA RAMIRO DE LEON CARPIO;55146704;HUGO WILFREDO VARGAS CHACON;LOURDES JULISSA SALGUERO ZABALETA;DIVERSIFICADO;PRIVADO;URBANA;ABIERTA;MONOLINGUE;MATUTINA;DIARIO(REGULAR);ZACAPA
19-01-0166-46;;ZACAPA;ZACAPA;"INSTITUTO DE EDUCACION BASICA Y BACHILLERATO POR MADUREZ ""SUPERACION INTEGRAL""";ALDEA LOS JOCOTES;24106060;;FLOR DE MARIA LOPEZ BARRIOS;DIVERSIFICADO;OFICIAL;RURAL;CERRADA TEMPORALMENTE;MONOLINGUE;VESPERTINA;DIARIO(REGULAR);ZACAPA
19-01-0170-46;19-019;ZACAPA;ZACAPA;COLEGIO CRISTIANO VERBO ZACAPA;CALZADA RAMIRO DE LEÓN CARPIO A UN COSTADO DEL IGSS;47606600;HUGO WILFREDO VARGAS CHACON;LICDA. SANDRA LISSETH PÉREZ CATALÁN;DIVERSIFICADO;PRIVADO;URBANA;ABIERTA;MONOLINGUE;MATUTINA;DIARIO(REGULAR);ZACAPA
19-01-0175-46;19-019;ZACAPA;ZACAPA;INSTITUTO TÉCNICO DE EDUCACIÓN INDUSTRIAL;CIUDAD VICTORIA, BARRIO NUEVO;79415915;HUGO WILFREDO VARGAS CHACON;CARMEN ELIZABETH GARCÍA RAMÍREZ DE PALACIOS;DIVERSIFICADO;PRIVADO;URBANA;ABIERTA;MONOLINGUE;MATUTINA;DIARIO(REGULAR);ZACAPA
19-01-0177-46;19-019;ZACAPA;ZACAPA;INSTITUTO TECNICO DE EDUCACIÓN INDUSTRIAL;CIUDAD VICTORIA, BARRIO NUEVO;79415915;HUGO WILFREDO VARGAS CHACON;CARMEN ELIZABETH GARCÍA RAMÍREZ DE PALACIOS;DIVERSIFICADO;PRIVADO;URBANA;ABIERTA;MONOLINGUE;DOBLE;FIN DE SEMANA;ZACAPA
19-01-0178-46;19-019;ZACAPA;ZACAPA;LICEO CRISTO REY;8A. CALLE 9-6 BARRIO LA REFORMA ZONA 2;54138046;HUGO WILFREDO VARGAS CHACON;EDNA EDITH RAMÍREZ CORDÓN;DIVERSIFICADO;PRIVADO;URBANA;CERRADA TEMPORALMENTE;MONOLINGUE;VESPERTINA;DIARIO(REGULAR);ZACAPA
19-01-0179-46;19-019;ZACAPA;ZACAPA;LICEO CRISTO REY;8A. CALLE 9-6 BARRIO LA REFORMA ZONA 2;79410104;HUGO WILFREDO VARGAS CHACON;CLAUDIA AZUECENA DE LOS REYES DÍAZ;DIVERSIFICADO;PRIVADO;URBANA;CERRADA TEMPORALMENTE;MONOLINGUE;VESPERTINA;DIARIO(REGULAR);ZACAPA
19-01-0183-46;19-019;ZACAPA;ZACAPA;LICEO CRISTO REY;8A. CALLE 9-06 ZONA 2 BARRIO LA REFORMA;54138046;HUGO WILFREDO VARGAS CHACON;EDNA EDITH RAMÍREZ CORDÓN;DIVERSIFICADO;PRIVADO;URBANA;ABIERTA;MONOLINGUE;DOBLE;FIN DE SEMANA;ZACAPA
19-01-0184-46;19-019;ZACAPA;ZACAPA;INSTITUTO TÉCNICO PRIVADO VOCACIONAL;9A. CALLE 17-27 ZONA 3 BARRIO EL TAMARINDAL;79416343;HUGO WILFREDO VARGAS CHACON;EDWIN ORLANDO LUCAS ASPUREZ;DIVERSIFICADO;PRIVADO;URBANA;ABIERTA;MONOLINGUE;DOBLE;FIN DE SEMANA;ZACAPA
19-01-0192-46;19-019;ZACAPA;ZACAPA;"COLEGIO ""HIGA""";BOSQUES DE SAN JULIÁN ZACAPA;42876685;HUGO WILFREDO VARGAS CHACON;MARCY MAGALETH CARRERA PAIZ;DIVERSIFICADO;PRIVADO;URBANA;ABIERTA;MONOLINGUE;VESPERTINA;DIARIO(REGULAR);ZACAPA
19-01-0193-46;19-019;ZACAPA;ZACAPA;"COLEGIO ""HIGA""";BOSQUES DE SAN JULIÁN ZACAPA;42876685;HUGO WILFREDO VARGAS CHACON;MARCY MAGALETH CARRERA PAIZ;DIVERSIFICADO;PRIVADO;URBANA;CERRADA TEMPORALMENTE;MONOLINGUE;NOCTURNA;DIARIO(REGULAR);ZACAPA
19-01-0194-46;19-019;ZACAPA;ZACAPA;"COLEGIO ""HIGA""";BOSQUES DE SAN JULIÁN ZACAPA;42876685;HUGO WILFREDO VARGAS CHACON;MARCY MAGALETH CARRERA PAIZ;DIVERSIFICADO;PRIVADO;URBANA;ABIERTA;MONOLINGUE;DOBLE;FIN DE SEMANA;ZACAPA
19-01-0198-46;19-019;ZACAPA;ZACAPA;"COLEGIO ""HIGA""";BOSQUES DE SAN JULIAN ZACAPA;42876685;HUGO WILFREDO VARGAS CHACON;MARCY MAGALETH CARRERA PAIZ;DIVERSIFICADO;PRIVADO;URBANA;ABIERTA;MONOLINGUE;DOBLE;FIN DE SEMANA;ZACAPA
19-01-0202-46;19-019;ZACAPA;ZACAPA;INSTITUTO TÉCNICO PRIVADO VOCACIONAL;9A. CALLE 17-27 ZONA 3 BARRIO EL TAMARINDAL ZACAPA;79416343;HUGO WILFREDO VARGAS CHACON;EDWIN ORLANDO LUCAS ASPUREZ;DIVERSIFICADO;PRIVADO;URBANA;ABIERTA;MONOLINGUE;MATUTINA;DIARIO(REGULAR);ZACAPA
19-01-0304-46;19-019;ZACAPA;ZACAPA;INSTITUTO TECNICO PRIVADO VOCACIONAL;9A. CALLE 17-27 ZONA 3 BARRIO EL TAMARINDAL;79416343;HUGO WILFREDO VARGAS CHACON;EDWIN ORLANDO LUCAS ASPUREZ;DIVERSIFICADO;PRIVADO;URBANA;ABIERTA;MONOLINGUE;VESPERTINA;DIARIO(REGULAR);ZACAPA
19-01-0332-46;19-019;ZACAPA;ZACAPA;INSTITUTO TÉCNICO DE EDUCACIÓN INDUSTRIAL;CIUDAD VICTORIA, BARRIO NUEVO;79415915;HUGO WILFREDO VARGAS CHACON;CARMEN ELIZABETH GARCIA RAMIREZ DE PALACIOS;DIVERSIFICADO;PRIVADO;URBANA;ABIERTA;MONOLINGUE;DOBLE;DIARIO(REGULAR);ZACAPA
19-01-0352-46;19-001;ZACAPA;ZACAPA;ESCUELA NORMAL DEL NORORIENTE PARA EL DESARROLLO AMBIENTAL;KILOMETRO 2.5 CARRETERA A ALDEA MANZANOTES;79414187;SONIA HAYDEE RUIZ WONG;WENCESLAO DE JESÚS MÉNDEZ CASASOLA;DIVERSIFICADO;OFICIAL;URBANA;ABIERTA;MONOLINGUE;MATUTINA;DIARIO(REGULAR);ZACAPA
19-01-0645-46;19-019;ZACAPA;ZACAPA;INSTITUTO NORMAL ZACAPANECO PEM. DAGOBERTO ENRIQUE GÓMEZ HERNÁNDEZ;5A. CALLE 17-52 ZONA 3;79411086;HUGO WILFREDO VARGAS CHACON;ANA LUISA GÓMEZ ACEVEDO;DIVERSIFICADO;PRIVADO;URBANA;CERRADA TEMPORALMENTE;MONOLINGUE;VESPERTINA;DIARIO(REGULAR);ZACAPA
19-01-0670-46;19-019;ZACAPA;ZACAPA;INSTITUTO PRIVADO MIXTO DE BACHILLERATO POR MADUREZ CIENCIA Y DESARROLLO;BARRIO LA REFORMA ZONA 2;79411163;HUGO WILFREDO VARGAS CHACON;ANTONIO SALVADOR RAMÍREZ RIVAS;DIVERSIFICADO;PRIVADO;URBANA;ABIERTA;MONOLINGUE;DOBLE;FIN DE SEMANA;ZACAPA
19-01-0698-46;19-019;ZACAPA;ZACAPA;CENTRO EDUCATIVO TECNOLOGICO DE ZACAPA;CIUDAD VICTORIA;79413600;HUGO WILFREDO VARGAS CHACON;CARLOS ANÍBAL RAMÍREZ MEJÍA;DIVERSIFICADO;PRIVADO;URBANA;ABIERTA;MONOLINGUE;DOBLE;DIARIO(REGULAR);ZACAPA
19-01-0894-46;25-000;ZACAPA;ZACAPA;INSTITUTO GUATEMALTECO DE EDUCACION RADIOFONICA (IGER);;;SONIA HAYDEE REYES MONTERROSO;;DIVERSIFICADO;PRIVADO;URBANA;CERRADA TEMPORALMENTE;MONOLINGUE;MATUTINA;A DISTANCIA;ZACAPA
19-01-0911-46;19-001;ZACAPA;ZACAPA;ESCUELA NORMAL DE EDUCACION FISICA;COMPLEJO DEPORTIVO ZONA 4;59452938;SONIA HAYDEE RUIZ WONG;ROSA LILIAN ESPAÑA ALARCON DE CASASOLA;DIVERSIFICADO;OFICIAL;URBANA;ABIERTA;MONOLINGUE;DOBLE;DIARIO(REGULAR);ZACAPA
19-01-0931-46;19-019;ZACAPA;ZACAPA;COLEGIO MODERNO ZACAPANECO;9A. CALLE 15-26, ZONA 1;79413549;HUGO WILFREDO VARGAS CHACON;GLORIA ISABEL AGUIRRE MORALES DE MARIN;DIVERSIFICADO;PRIVADO;URBANA;ABIERTA;MONOLINGUE;VESPERTINA;DIARIO(REGULAR);ZACAPA
19-01-0942-46;19-019;ZACAPA;ZACAPA;"CENTRO DE EDUCACIÓN A DISTANCIA ""ITZAMNÁ""";5A. CALLE 11-20 ZONA 1;58765309;HUGO WILFREDO VARGAS CHACON;AÍDA CONSUELO CHACÓN MARÍN DE VELÁSQUEZ;DIVERSIFICADO;PRIVADO;URBANA;ABIERTA;MONOLINGUE;DOBLE;FIN DE SEMANA;ZACAPA
19-01-0943-46;19-019;ZACAPA;ZACAPA;"CENTRO DE EDUCACION A DISTANCIA ""ITZAMNÁ""";5A. CALLE 11-20 ZONA 1;58765309;HUGO WILFREDO VARGAS CHACON;AÍDA CONSUELO CHACÓN MARÍN DE VELÁSQUEZ;DIVERSIFICADO;PRIVADO;URBANA;ABIERTA;MONOLINGUE;DOBLE;FIN DE SEMANA;ZACAPA
19-01-0945-46;19-001;ZACAPA;ZACAPA;ESCUELA NORMAL INTERCULTURAL;5TA. CALLE 11-20 ZONA 1, BARRIO LA SOLEDAD;79415182;SONIA HAYDEE RUIZ WONG;RUTH AVIGAIL ALVAREZ CORDÓN DE MILIÁN;DIVERSIFICADO;OFICIAL;URBANA;ABIERTA;MONOLINGUE;DOBLE;DIARIO(REGULAR);ZACAPA
19-01-1012-46;19-019;ZACAPA;ZACAPA;CENTRO EDUCATIVO JUVENIL CATOLICO NUESTRA SEÑORA DE FATIMA;12 CALLE A 14-03 ZONA 1;79410382;HUGO WILFREDO VARGAS CHACON;FIDIAS ROBERTO MONROY LEMUS;DIVERSIFICADO;PRIVADO;URBANA;ABIERTA;MONOLINGUE;MATUTINA;DIARIO(REGULAR);ZACAPA
19-01-1069-46;19-019;ZACAPA;ZACAPA;INSTITUTO PRIVADO MIXTO DE BACHILLERATO POR MADUREZ CIENCIA Y DESARROLLO;BARRIO LA REFORMA, ZONA 2;79411163;HUGO WILFREDO VARGAS CHACON;ANTONIO SALVADOR RAMÍREZ RIVAS;DIVERSIFICADO;PRIVADO;URBANA;ABIERTA;MONOLINGUE;DOBLE;FIN DE SEMANA;ZACAPA
19-01-1081-46;19-019;ZACAPA;ZACAPA;INSTITUTO TECNOLOGICO DE NORORIENTE -ITECNOR-;ALDEA LA FRAGUA;78230482;HUGO WILFREDO VARGAS CHACON;ALAN BILLY LOYO DE PAZ;DIVERSIFICADO;PRIVADO;URBANA;ABIERTA;MONOLINGUE;DOBLE;DIARIO(REGULAR);ZACAPA
19-01-1207-46;19-019;ZACAPA;ZACAPA;INSTITUTO DE TURISMO Y AVIACION DE ORIENTE;8A. CALLE 9-06 ZONA 2 BARRIO LA REFORMA;;HUGO WILFREDO VARGAS CHACON;HECTOR EFRAIN DE LEON GARCIA;DIVERSIFICADO;PRIVADO;URBANA;CERRADA TEMPORALMENTE;MONOLINGUE;DOBLE;FIN DE SEMANA;ZACAPA
19-01-1208-46;19-019;ZACAPA;ZACAPA;INSTITUTO DE TURISMO Y AVIACION DE ORIENTE;8A. CALLE 9-06 ZONA 2 BARRIO LA REFORMA;;HUGO WILFREDO VARGAS CHACON;;DIVERSIFICADO;PRIVADO;URBANA;CERRADA TEMPORALMENTE;MONOLINGUE;VESPERTINA;DIARIO(REGULAR);ZACAPA
19-02-0001-46;19-005;ZACAPA;ESTANZUELA;INSTITUTO NACIONAL DE EDUCACION DIVERSIFICADA;BARRIO LAS ROSITAS;58600725;LORENA CONCEPCION CASASOLA MORALES;IVONNE HERENIA BORJA ROJAS DE COMAPA;DIVERSIFICADO;OFICIAL;URBANA;ABIERTA;MONOLINGUE;VESPERTINA;DIARIO(REGULAR);ZACAPA
19-02-0019-46;19-005;ZACAPA;ESTANZUELA;INSTITUTO NACIONAL DE EDUCACIÓN DIVERSIFICADA;BARRIO ARRIBA;56433255;LORENA CONCEPCION CASASOLA MORALES;LESBIA ELIZABETH LÓPEZ MÉNDEZ;DIVERSIFICADO;OFICIAL;URBANA;ABIERTA;MONOLINGUE;NOCTURNA;DIARIO(REGULAR);ZACAPA
19-02-1188-46;19-005;ZACAPA;ESTANZUELA;INSTITUTO TECNOLOGICO POR COOPERATIVA DE ENSEÑANZA;BARRIO LAS ROSITAS;79336167;LORENA CONCEPCION CASASOLA MORALES;EDGAR EFRAÍN FAJARDO DE LA ROSA;DIVERSIFICADO;COOPERATIVA;URBANA;ABIERTA;MONOLINGUE;DOBLE;DIARIO(REGULAR);ZACAPA
19-03-0004-46;19-006;ZACAPA;RIO HONDO;INSTITUTO MIXTO DE EDUCACION DIVERSIFICADA POR COOPERATIVA DE ENSEÑANZA;BARRIO EL CENTRO;79330273;JORGE FRANCISCO ZABALETA MENDEZ;AURA ELIZABETH MORALES MARTINEZ DE MARIN;DIVERSIFICADO;COOPERATIVA;URBANA;ABIERTA;MONOLINGUE;VESPERTINA;DIARIO(REGULAR);ZACAPA
19-03-0005-46;19-006;ZACAPA;RIO HONDO;INSTITUTO NACIONAL DE EDUCACION DIVERSIFICADA;ALDEA EL ROSARIO;79436725;JORGE FRANCISCO ZABALETA MENDEZ;JUANA SUCELLY SALDIVAR PERAZA;DIVERSIFICADO;OFICIAL;RURAL;ABIERTA;MONOLINGUE;MATUTINA;DIARIO(REGULAR);ZACAPA
19-03-0015-46;19-007;ZACAPA;RIO HONDO;LIBERTY COLLEGE;ALDEA LLANO VERDE;55148021;JORGE FRANCISCO ZABALETA MENDEZ;DÁMARIS NOEMI MOSCOSO CRUZ DE BARRIENTOS;DIVERSIFICADO;PRIVADO;RURAL;ABIERTA;MONOLINGUE;MATUTINA;DIARIO(REGULAR);ZACAPA
19-03-1200-46;19-006;ZACAPA;RIO HONDO;LIBERTY COLLEGE;ALDEA LLANO VERDE;55148021;JORGE FRANCISCO ZABALETA MENDEZ;DÁMARIS NOEMI MOSCOSO CRUZ DE BARRIENTOS;DIVERSIFICADO;PRIVADO;RURAL;ABIERTA;MONOLINGUE;VESPERTINA;DIARIO(REGULAR);ZACAPA
19-03-1201-46;19-007;ZACAPA;RIO HONDO;LIBERTY COLLEGE;ALDEA LLANO VERDE;55148021;JORGE FRANCISCO ZABALETA MENDEZ;MIRIAM CONSUELO CASTAÑEDA ORELLANA;DIVERSIFICADO;PRIVADO;RURAL;ABIERTA;MONOLINGUE;VESPERTINA;DIARIO(REGULAR);ZACAPA
19-04-0029-46;19-008;ZACAPA;GUALAN;INSTITUTO NACIONAL DE EDUCACIÓN DIVERSIFICADA;FINCA LA TORRE;47535796;BRENDA YANETH RAMOS LOPEZ DE SINTUJ;DORIS MAGALY ENRÍQUEZ NOGUERA DE MEJÍA;DIVERSIFICADO;OFICIAL;URBANA;ABIERTA;MONOLINGUE;VESPERTINA;DIARIO(REGULAR);ZACAPA
19-04-0052-46;19-008;ZACAPA;GUALAN;"COLEGIO PRIVADO MIXTO ""BETHANIA""";BARRIO LAS FLORES;79332709;BRENDA YANETH RAMOS LOPEZ DE SINTUJ;MELINA JUDITH MORALES LÓPEZ;DIVERSIFICADO;PRIVADO;URBANA;ABIERTA;MONOLINGUE;MATUTINA;DIARIO(REGULAR);ZACAPA
19-04-0064-46;19-009;ZACAPA;GUALAN;COLEGIO MIXTO PRIVADO MONSEÑOR ANÍBAL CASASOLA;RESIDENCIALES MOLIENDA BARRIO LAS FLORES;42818761;JENNIFER MARIA BARRIENTOS CHACON;ANA LEONOR GÓMEZ SANCHEZ;DIVERSIFICADO;PRIVADO;URBANA;ABIERTA;MONOLINGUE;VESPERTINA;DIARIO(REGULAR);ZACAPA
19-04-0065-46;19-009;ZACAPA;GUALAN;"COLEGIO PARTICULAR MIXTO LUTERANO INTEGRAL ""LA RESURRECCIÓN""";BARRIO LAS FLORES;79331330;JENNIFER MARIA BARRIENTOS CHACON;LUIS ALBERTO JASINTO;DIVERSIFICADO;PRIVADO;URBANA;ABIERTA;MONOLINGUE;MATUTINA;DIARIO(REGULAR);ZACAPA
19-04-0066-46;19-008;ZACAPA;GUALAN;"COLEGIO PRIVADO MIXTO ""BETHANIA""";BARRIO LAS FLORES;79332709;BRENDA YANETH RAMOS LOPEZ DE SINTUJ;EDELMIRA MAGALY PORTILLO ACEITUNO DE JUAREZ;DIVERSIFICADO;PRIVADO;URBANA;ABIERTA;MONOLINGUE;VESPERTINA;DIARIO(REGULAR);ZACAPA
19-04-0358-46;19-008;ZACAPA;GUALAN;LICEO SINAI;BARRIO LAS FLORES;54053802;BRENDA YANETH RAMOS LOPEZ DE SINTUJ;WUALTER BENJAMÍN CABRERA OLIVA;DIVERSIFICADO;PRIVADO;URBANA;ABIERTA;MONOLINGUE;VESPERTINA;DIARIO(REGULAR);ZACAPA
19-04-1001-46;19-008;ZACAPA;GUALAN;LICEO SINAI (POR MADUREZ);BARRIO LAS FLORES;42198222;BRENDA YANETH RAMOS LOPEZ DE SINTUJ;ANDREA YULIANA VELÁSQUEZ ALDANA DE ROLDÁN;DIVERSIFICADO;PRIVADO;URBANA;ABIERTA;MONOLINGUE;DOBLE;FIN DE SEMANA;ZACAPA
19-04-1149-46;19-008;ZACAPA;GUALAN;INSTITUTO DIVERSIFICADO MUNICIPAL;BARRIO RIO HONDO;47922540;BRENDA YANETH RAMOS LOPEZ DE SINTUJ;DENNY ZULEMA JEANNETTE RAMÍREZ CABRERA;DIVERSIFICADO;MUNICIPAL;URBANA;ABIERTA;MONOLINGUE;VESPERTINA;DIARIO(REGULAR);ZACAPA
19-04-1263-46;19-008;ZACAPA;GUALAN;LICEO SINAI;BARRIO LAS FLORES;42198222;BRENDA YANETH RAMOS LOPEZ DE SINTUJ;ANDREA YULIANA VELÁSQUEZ ALDANA DE ROLDÁN;DIVERSIFICADO;PRIVADO;URBANA;ABIERTA;MONOLINGUE;DOBLE;FIN DE SEMANA;ZACAPA
19-05-0016-46;19-010;ZACAPA;TECULUTAN;INSTITUTO NACIONAL DE EDUCACION DIVERSIFICADA;1RA. AVE. ZONA 2;41509479;OSCAR OVIDIO FRANCO PAZ;GERSON ORLANDO DÍAZ SÁNCHEZ;DIVERSIFICADO;OFICIAL;URBANA;ABIERTA;MONOLINGUE;VESPERTINA;DIARIO(REGULAR);ZACAPA
19-05-0026-46;19-010;ZACAPA;TECULUTAN;COLEGIO MAYA TECULUTAN;ENTRADA PRINCIPAL A LA ALDEA LA PAZ;;OSCAR OVIDIO FRANCO PAZ;WANDA LILIANA AZURDIA GOMEZ;DIVERSIFICADO;PRIVADO;URBANA;CERRADA TEMPORALMENTE;MONOLINGUE;VESPERTINA;DIARIO(REGULAR);ZACAPA
19-05-0028-46;19-010;ZACAPA;TECULUTAN;GETHSEMANE COLLEGE;CAMINO QUE CONDUCE HACIA LA ALDEA LA PAZ;41503049;OSCAR OVIDIO FRANCO PAZ;KATHY JOHANNA MORALES MANCILLA DE SALGUERO;DIVERSIFICADO;PRIVADO;URBANA;ABIERTA;MONOLINGUE;DOBLE;DIARIO(REGULAR);ZACAPA
19-05-0030-46;19-010;ZACAPA;TECULUTAN;INSTITUTO BASICO Y BACHILLERATO POR MADUREZ JUAN PAZ;ALDEA SAN JOSE;33242598;OSCAR OVIDIO FRANCO PAZ;JUAN DE JESUS AGUSTIN PAZ;DIVERSIFICADO;PRIVADO;RURAL;CERRADA TEMPORALMENTE;MONOLINGUE;DOBLE;DOMINICAL;ZACAPA
19-05-0038-46;19-010;ZACAPA;TECULUTAN;GETHSEMANE COLLEGE;CAMINO QUE CONDUCE HACIA LA ALDEA LA PAZ;41503049;OSCAR OVIDIO FRANCO PAZ;KATHY JOHANNA MORALES MANCILLA DE SALGUERO;DIVERSIFICADO;PRIVADO;URBANA;ABIERTA;MONOLINGUE;MATUTINA;DIARIO(REGULAR);ZACAPA
19-05-0045-46;19-010;ZACAPA;TECULUTAN;LICEO SAN FRANCISCO DE ASIS;5TA. AVENIDA 2DA. CALLE ZONA 1 BARRIO EL TRIANGULO;51857005;OSCAR OVIDIO FRANCO PAZ;RAÚL ALEXANDER RAMÍREZ MIRANDA;DIVERSIFICADO;PRIVADO;URBANA;CERRADA TEMPORALMENTE;MONOLINGUE;DOBLE;FIN DE SEMANA;ZACAPA
19-05-0046-46;19-010;ZACAPA;TECULUTAN;COLEGIO DE COMPUTACIÓN DR. HÉCTOR NERI CASTAÑEDA CALDERÓN;3A. CALLE 7-71 ZONA 1, TECULUTÁN TECULUTAN;53051479;OSCAR OVIDIO FRANCO PAZ;MARIO CASTAÑEDA CORDÓN;DIVERSIFICADO;PRIVADO;URBANA;CERRADA TEMPORALMENTE;MONOLINGUE;VESPERTINA;DIARIO(REGULAR);ZACAPA
19-05-0047-46;19-010;ZACAPA;TECULUTAN;GETHSEMANE COLLEGE;CAMINO QUE CONDUCE HACIA LA ALDEA LA PAZ;41503049;OSCAR OVIDIO FRANCO PAZ;KATHY JOHANNA MORALES MANCILLA DE SALGUERO;DIVERSIFICADO;PRIVADO;URBANA;ABIERTA;MONOLINGUE;DOBLE;DIARIO(REGULAR);ZACAPA
19-05-0048-46;19-018;ZACAPA;TECULUTAN;CENTRO DE EDUCACIÓN EXTRAESCOLAR;CASERÍO LOS PUENTES;55152992;CARLOS EDUARDO ECHEVERRIA SOSA;SINTIA YULIANA ARRIAZA LÓPEZ;DIVERSIFICADO;OFICIAL;RURAL;ABIERTA;MONOLINGUE;DOBLE;FIN DE SEMANA;ZACAPA
19-05-0049-46;19-010;ZACAPA;TECULUTAN;INSTITUTO DIVERSIFICADO POR COOPERATIVA DE ENSEÑANZA;CASERIO SAN ANTONIO;58251849;OSCAR OVIDIO FRANCO PAZ;EDGAR FERNANDO VARGAS PAZ;DIVERSIFICADO;COOPERATIVA;RURAL;ABIERTA;MONOLINGUE;VESPERTINA;DIARIO(REGULAR);ZACAPA
19-05-0343-46;19-010;ZACAPA;TECULUTAN;COLEGIO DE COMPUTACION DR. HECTOR NERI CASTAÑEDA CALDERON;3A. CALLE 7-71 ZONA 1;53051479;OSCAR OVIDIO FRANCO PAZ;MARIO CASTAÑEDA CORDÓN;DIVERSIFICADO;PRIVADO;URBANA;CERRADA TEMPORALMENTE;MONOLINGUE;VESPERTINA;DIARIO(REGULAR);ZACAPA
19-05-1080-46;19-010;ZACAPA;TECULUTAN;"COLEGIO EVANGELICO MIXTO BILINGÜE ""MONTE SION""";LOTIFICACION LA MAQUINA;56918447;OSCAR OVIDIO FRANCO PAZ;NOEL ANTONIO GRÁVEZ FRANO;DIVERSIFICADO;PRIVADO;URBANA;ABIERTA;MONOLINGUE;VESPERTINA;DIARIO(REGULAR);ZACAPA
19-06-0005-46;19-011;ZACAPA;USUMATLAN;"INSTITUTO MIXTO POR COOPERATIVA DE DIVERSIFICADO ""LICENCIADO DAVID ESTUARDO RAMOS AVILES""";ALDEA EL JUTE;52029954;EDNA EDITH RAMIREZ CORDON;REYNA ISABEL CRUZ REYES;DIVERSIFICADO;COOPERATIVA;RURAL;ABIERTA;MONOLINGUE;VESPERTINA;DIARIO(REGULAR);ZACAPA
19-06-0008-46;19-011;ZACAPA;USUMATLAN;INSTITUTO NACIONAL DE EDUCACION DIVERSIFICADA;USUMATLAN;42736525;EDNA EDITH RAMIREZ CORDON;LUIS ALBERTO MARROQUÍN RECINOS;DIVERSIFICADO;OFICIAL;RURAL;ABIERTA;MONOLINGUE;VESPERTINA;DIARIO(REGULAR);ZACAPA
19-07-0004-46;19-012;ZACAPA;CABAÑAS;INSTITUTO NACIONAL DE EDUCACIÓN DIVERSIFICADA;BARRIO SAN PEDRO;79419366;LUIS ENRIQUE ARCHILA CASTRO;ESTUARDO ALBERTO CATALÁN MARTÍNEZ;DIVERSIFICADO;OFICIAL;URBANA;ABIERTA;MONOLINGUE;VESPERTINA;DIARIO(REGULAR);ZACAPA
19-07-0019-46;19-012;ZACAPA;CABAÑAS;LICEO MIXTO EBENEZER;BARRIO SAN SEBASTIAN,;42827697;LUIS ENRIQUE ARCHILA CASTRO;AMANDA SUCELI RUIZ VIDAL;DIVERSIFICADO;PRIVADO;URBANA;ABIERTA;MONOLINGUE;DOBLE;FIN DE SEMANA;ZACAPA
19-07-0021-46;19-012;ZACAPA;CABAÑAS;LICEO MIXTO EBENEZER;BARRIO SAN SEBASTIÁN;42827697;LUIS ENRIQUE ARCHILA CASTRO;AMANDA SUCELI RUIZ VIDAL;DIVERSIFICADO;PRIVADO;URBANA;ABIERTA;MONOLINGUE;DOBLE;FIN DE SEMANA;ZACAPA
19-07-0024-46;19-012;ZACAPA;CABAÑAS;INSTITUTO DIVERSIFICADO POR COOPERATIVA;BARRIO EL AMATE;79419096;LUIS ENRIQUE ARCHILA CASTRO;EDWIN ERNESTO FIGUEROA PEÑA;DIVERSIFICADO;COOPERATIVA;URBANA;ABIERTA;MONOLINGUE;DOBLE;DIARIO(REGULAR);ZACAPA
19-07-0808-46;19-012;ZACAPA;CABAÑAS;INSTITUTO DIVERSIFICADO POR COOPERATIVA;BARRIO EL AMATE;79419096;LUIS ENRIQUE ARCHILA CASTRO;EDWIN ERNESTO FIGUEROA PEÑA;DIVERSIFICADO;COOPERATIVA;URBANA;ABIERTA;MONOLINGUE;VESPERTINA;DIARIO(REGULAR);ZACAPA
19-08-0003-46;19-013;ZACAPA;SAN DIEGO;INSTITUTO NACIONAL DE EDUCACIÓN DIVERSIFICADA;BARRIO EL CENTRO;79383361;HARY EMMANUEL RAMREZ VIDAL;MARÍA ESTHER ACEITUNO GARCÍA;DIVERSIFICADO;OFICIAL;URBANA;ABIERTA;MONOLINGUE;VESPERTINA;DIARIO(REGULAR);ZACAPA
19-08-0011-46;19-013;ZACAPA;SAN DIEGO;INSTITUTO NACIONAL DE EDUCACIÓN DIVERSIFICADA;BARRIO EL CENTRO;43992722;HARY EMMANUEL RAMREZ VIDAL;ENMA ISELA GONZALES DE GÁLVEZ;DIVERSIFICADO;OFICIAL;URBANA;ABIERTA;MONOLINGUE;NOCTURNA;DIARIO(REGULAR);ZACAPA
19-08-0890-46;19-013;ZACAPA;SAN DIEGO;INSTITUTO DIVERSIFICADO POR COOPERATIVA PROF. CARLOS ROBERTO DONIS OSORIO;BARRIO EL CENTRO;79383068;HARY EMMANUEL RAMREZ VIDAL;NERY EFRAIN MOSCOSO LEMUS;DIVERSIFICADO;COOPERATIVA;URBANA;ABIERTA;MONOLINGUE;VESPERTINA;DIARIO(REGULAR);ZACAPA
19-09-0008-46;19-014;ZACAPA;LA UNION;INSTITUTO NACIONAL DE EDUCACION DIVERSIFICADA;BARRIO NUEVO;79418174;WILBER OBDULIO MEJIA SUCHITE;CELBIN RUDY CARBAJAL ESTEVEZ;DIVERSIFICADO;OFICIAL;URBANA;ABIERTA;MONOLINGUE;VESPERTINA;DIARIO(REGULAR);ZACAPA
19-09-0034-46;19-014;ZACAPA;LA UNION;LICEO PARTICULAR MIXTO JIREH;BARRIO NUEVO;79418369;WILBER OBDULIO MEJIA SUCHITE;ANA MARÍA CUELLAR GUERRA DE RAMÍREZ;DIVERSIFICADO;PRIVADO;URBANA;ABIERTA;MONOLINGUE;DOBLE;FIN DE SEMANA;ZACAPA
19-09-0037-46;19-014;ZACAPA;LA UNION;"LICEO PARTICULAR MIXTO ""JIREH""";BARRIO NUEVO;79418369;WILBER OBDULIO MEJIA SUCHITE;ANA MARÍA CUELLAR GUERRA DE RAMÍREZ;DIVERSIFICADO;PRIVADO;URBANA;ABIERTA;MONOLINGUE;DOBLE;DIARIO(REGULAR);ZACAPA
19-09-0040-46;19-014;ZACAPA;LA UNION;LICEO PARTICULAR MIXTO JIREH;BARRIO NUEVO;79418369;WILBER OBDULIO MEJIA SUCHITE;ANA MARÍA CUELLAR GUERRA DE RAMÍREZ;DIVERSIFICADO;PRIVADO;URBANA;ABIERTA;MONOLINGUE;MATUTINA;DIARIO(REGULAR);ZACAPA
19-09-0902-46;19-014;ZACAPA;LA UNION;LICEO PARTICULAR MIXTO JIREH (POR MADUREZ);BARRIO NUEVO;79418369;WILBER OBDULIO MEJIA SUCHITE;ANA MARÍA CUELLAR GUERRA DE RAMÍREZ;DIVERSIFICADO;PRIVADO;URBANA;ABIERTA;MONOLINGUE;DOBLE;FIN DE SEMANA;ZACAPA
19-10-0013-46;19-016;ZACAPA;HUITE;INSTITUTO DIVERSIFICADO;BARRIO BUENOS AIRES;47097386;WENDER HUMBERTO MATEO NAJERA;MARLON JOSUÉ ARCHILA LORENZO;DIVERSIFICADO;OFICIAL;URBANA;ABIERTA;MONOLINGUE;NOCTURNA;DIARIO(REGULAR);ZACAPA
19-10-1009-46;19-016;ZACAPA;HUITE;INSTITUTO MIXTO DE EDUCACION DIVERSIFICADA POR COOPERATIVA DE ENSEÑANZA;BARRIO EL CAMPO;55958103;WENDER HUMBERTO MATEO NAJERA;ROBIDIO PORTILLO SALGUERO;DIVERSIFICADO;COOPERATIVA;URBANA;ABIERTA;MONOLINGUE;VESPERTINA;DIARIO(REGULAR);ZACAPA
19-11-0018-46;19-020;ZACAPA;SAN JORGE;INSTITUTO MIXTO DE EDUCACIÓN DIVERSIFICADA POR COOPERATIVA;BARRIO EL CENTRO;41447589;ALBA LUZ MENDEZ;VICTOR HUGO GUERRA MONROY;DIVERSIFICADO;COOPERATIVA;URBANA;ABIERTA;MONOLINGUE;MATUTINA;DIARIO(REGULAR);ZACAPA
